time(ms),enconder(steps),inputSignal(8bits)
100,0,1
200,0,2
300,0,3
400,0,4
500,0,5
600,0,6
700,0,7
800,0,8
900,0,9
1000,0,10
1100,-3,11
1200,-3,12
1300,-3,13
1400,-3,14
1500,-3,15
1600,-3,16
1700,-3,17
1800,-3,18
1900,-3,19
2000,-3,20
2100,-3,21
2200,-3,22
2300,-3,23
2400,-3,24
2500,-3,25
2600,-3,26
2700,-3,27
2800,-3,28
2900,-3,29
3000,-3,30
3100,-3,31
3200,-3,32
3300,-3,33
3400,-3,34
3500,-3,35
3600,-3,36
3700,-3,37
3800,-3,38
3900,-3,39
4000,-3,40
4100,-3,41
4200,-3,42
4300,-3,43
4400,-3,44
4500,-3,45
4600,-3,46
4700,-3,47
4800,-3,48
4900,-3,49
5000,-3,50
5100,-3,51
5200,-3,52
5300,-3,53
5400,-3,54
5500,-3,55
5600,-3,56
5700,-3,57
5800,-3,58
5900,-3,59
6000,-3,60
6100,-3,61
6200,-3,62
6300,-3,63
6400,-3,64
6500,-3,65
6600,-3,66
6700,-3,67
6800,-3,68
6900,-3,69
7000,-3,70
7100,-3,71
7200,-3,72
7300,-3,73
7400,-3,74
7500,-3,75
7600,-3,76
7700,-3,77
7800,-3,78
7900,-3,79
8000,-3,80
8100,-3,81
8200,-3,82
8300,-3,83
8400,-3,84
8500,-3,85
8600,-3,86
8700,-3,87
8800,-3,88
8900,-3,89
9000,-3,90
9100,-3,91
9200,-3,92
9300,-3,93
9400,-3,94
9500,-3,95
9600,-3,96
9700,-3,97
9800,-3,98
9900,-3,99
10000,-3,100
10100,-3,101
10200,-3,102
10300,-3,103
10400,-3,104
10500,-3,105
10600,-3,106
10700,-3,107
10800,-3,108
10900,-3,109
11000,-3,110
11100,-3,111
11200,-3,112
11300,-3,113
11400,-3,114
11500,-3,115
11600,-3,116
11700,-3,117
11800,-3,118
11900,-3,119
12000,-3,120
12100,-3,121
12200,-3,122
12300,-3,123
12400,-3,124
12500,-3,125
12600,-3,126
12700,-3,127
12800,-3,128
12900,-3,129
13000,-3,130
13100,-3,131
13200,-3,132
13300,-3,133
13400,-3,134
13500,-3,135
13600,-3,136
13700,-3,137
13800,38,138
13900,61,139
14000,61,140
14100,61,141
14200,61,142
14300,61,143
14400,61,144
14500,61,145
14600,61,146
14700,61,147
14800,61,148
14900,61,149
15000,61,150
15100,61,151
15200,61,152
15300,61,153
15400,61,154
15500,61,155
15600,61,156
15700,61,157
15800,61,158
15900,61,159
16000,61,160
16100,61,161
16200,61,162
16300,61,163
16400,61,164
16500,61,165
16600,61,166
16700,61,167
16800,61,168
16900,61,169
17000,61,170
17100,61,171
17200,61,172
17300,61,173
17400,61,174
17500,61,175
17600,61,176
17700,61,177
17800,61,178
17900,61,179
18000,61,180
18100,61,181
18200,61,182
18300,61,183
18400,61,184
18500,61,185
18600,61,186
18700,61,187
18800,61,188
18900,61,189
19000,61,190
19100,61,191
19200,61,192
19300,61,193
19400,61,194
19500,61,195
19600,61,196
19700,61,197
19800,61,198
19900,61,199
20000,61,200
20100,61,201
20200,61,202
20300,61,203
20400,61,204
20500,61,205
20600,61,206
20700,61,207
20800,61,208
20900,61,209
21000,61,210
21100,61,211
21200,61,212
21300,61,213
21400,61,214
21500,61,215
21600,60,216
21700,60,217
21800,60,218
21900,60,219
22000,60,220
22100,60,221
22200,60,222
22300,60,223
22400,60,224
22500,60,225
22600,44,226
22700,4,227
22800,-39,228
22900,-84,229
23000,-129,230
23100,-176,231
23200,-223,232
23300,-271,233
23400,-319,234
23500,-368,235
23600,-418,236
23700,-468,237
23800,-518,238
23900,-570,239
24000,-622,240
24100,-674,241
24200,-727,242
24300,-781,243
24400,-836,244
24500,-891,245
24600,-946,246
24700,-1002,247
24800,-1059,248
24900,-1116,249
25000,-1174,250
25100,-1233,251
25200,-1292,252
25300,-1352,253
25400,-1412,254
25500,-1472,255
25600,-1533,254
25700,-1594,253
25800,-1655,252
25900,-1714,251
26000,-1774,250
26100,-1833,249
26200,-1891,248
26300,-1949,247
26400,-2005,246
26500,-2061,245
26600,-2117,244
26700,-2172,243
26800,-2226,242
26900,-2280,241
27000,-2333,240
27100,-2385,239
27200,-2437,238
27300,-2488,237
27400,-2539,236
27500,-2588,235
27600,-2636,234
27700,-2684,233
27800,-2733,232
27900,-2781,231
28000,-2828,230
28100,-2875,229
28200,-2922,228
28300,-2968,227
28400,-3013,226
28500,-3058,225
28600,-3102,224
28700,-3146,223
28800,-3189,222
28900,-3232,221
29000,-3276,220
29100,-3318,219
29200,-3361,218
29300,-3402,217
29400,-3444,216
29500,-3485,215
29600,-3526,214
29700,-3565,213
29800,-3605,212
29900,-3645,211
30000,-3684,210
30100,-3724,209
30200,-3763,208
30300,-3801,207
30400,-3840,206
30500,-3877,205
30600,-3914,204
30700,-3950,203
30800,-3986,202
30900,-4021,201
31000,-4056,200
31100,-4091,199
31200,-4125,198
31300,-4158,197
31400,-4191,196
31500,-4223,195
31600,-4256,194
31700,-4287,193
31800,-4318,192
31900,-4348,191
32000,-4378,190
32100,-4408,189
32200,-4438,188
32300,-4467,187
32400,-4496,186
32500,-4524,185
32600,-4551,184
32700,-4578,183
32800,-4605,182
32900,-4630,181
33000,-4655,180
33100,-4680,179
33200,-4704,178
33300,-4727,177
33400,-4751,176
33500,-4773,175
33600,-4794,174
33700,-4814,173
33800,-4834,172
33900,-4853,171
34000,-4872,170
34100,-4889,169
34200,-4906,168
34300,-4924,167
34400,-4940,166
34500,-4958,165
34600,-4974,164
34700,-4991,163
34800,-5006,162
34900,-5022,161
35000,-5035,160
35100,-5051,159
35200,-5065,158
35300,-5078,157
35400,-5092,156
35500,-5105,155
35600,-5120,154
35700,-5131,153
35800,-5143,152
35900,-5155,151
36000,-5162,150
36100,-5172,149
36200,-5180,148
36300,-5183,147
36400,-5183,146
36500,-5183,145
36600,-5183,144
36700,-5183,143
36800,-5183,142
36900,-5183,141
37000,-5183,140
37100,-5183,139
37200,-5183,138
37300,-5183,137
37400,-5183,136
37500,-5183,135
37600,-5183,134
37700,-5183,133
37800,-5183,132
37900,-5183,131
38000,-5183,130
38100,-5183,129
38200,-5183,128
38300,-5183,127
38400,-5183,126
38500,-5183,125
38600,-5183,124
38700,-5183,123
38800,-5183,122
38900,-5183,121
39000,-5183,120
39100,-5183,119
39200,-5183,118
39300,-5183,117
39400,-5183,116
39500,-5183,115
39600,-5183,114
39700,-5183,113
39800,-5183,112
39900,-5183,111
40000,-5183,110
40100,-5183,109
40200,-5183,108
40300,-5183,107
40400,-5183,106
40500,-5183,105
40600,-5183,104
40700,-5183,103
40800,-5183,102
40900,-5183,101
41000,-5183,100
41100,-5183,99
41200,-5183,98
41300,-5183,97
41400,-5183,96
41500,-5183,95
41600,-5183,94
41700,-5183,93
41800,-5183,92
41900,-5183,91
42000,-5183,90
42100,-5183,89
42200,-5183,88
42300,-5183,87
42400,-5183,86
42500,-5183,85
42600,-5183,84
42700,-5183,83
42800,-5183,82
42900,-5183,81
43000,-5183,80
43100,-5183,79
43200,-5183,78
43300,-5183,77
43400,-5183,76
43500,-5183,75
43600,-5183,74
43700,-5183,73
43800,-5183,72
43900,-5183,71
44000,-5183,70
44100,-5183,69
44200,-5183,68
44300,-5183,67
44400,-5183,66
44500,-5183,65
44600,-5183,64
44700,-5183,63
44800,-5183,62
44900,-5183,61
45000,-5183,60
45100,-5183,59
45200,-5183,58
45300,-5183,57
45400,-5183,56
45500,-5183,55
45600,-5183,54
45700,-5183,53
45800,-5183,52
45900,-5183,51
46000,-5183,50
46100,-5183,49
46200,-5183,48
46300,-5183,47
46400,-5183,46
46500,-5183,45
46600,-5183,44
46700,-5183,43
46800,-5183,42
46900,-5183,41
47000,-5183,40
47100,-5183,39
47200,-5183,38
47300,-5183,37
47400,-5183,36
47500,-5183,35
47600,-5183,34
47700,-5183,33
47800,-5183,32
47900,-5183,31
48000,-5183,30
48100,-5183,29
48200,-5183,28
48300,-5183,27
48400,-5183,26
48500,-5183,25
48600,-5183,24
48700,-5183,23
48800,-5183,22
48900,-5183,21
49000,-5183,20
49100,-5183,19
49200,-5183,18
49300,-5183,17
49400,-5183,16
49500,-5183,15
49600,-5183,14
49700,-5183,13
49800,-5183,12
49900,-5183,11
50000,-5183,10
50100,-5183,9
50200,-5183,8
50300,-5183,7
50400,-5183,6
50500,-5183,5
50600,-5183,4
50700,-5183,3
50800,-5183,2
50900,-5183,1
51000,-5183,0
51100,-5183,-1
51200,-5183,-2
51300,-5183,-3
51400,-5183,-4
51500,-5183,-5
51600,-5183,-6
51700,-5183,-7
51800,-5183,-8
51900,-5183,-9
52000,-5183,-10
52100,-5183,-11
52200,-5183,-12
52300,-5183,-13
52400,-5183,-14
52500,-5183,-15
52600,-5183,-16
52700,-5183,-17
52800,-5183,-18
52900,-5183,-19
53000,-5183,-20
53100,-5183,-21
53200,-5183,-22
53300,-5183,-23
53400,-5183,-24
53500,-5183,-25
53600,-5183,-26
53700,-5183,-27
53800,-5183,-28
53900,-5183,-29
54000,-5183,-30
54100,-5183,-31
54200,-5183,-32
54300,-5183,-33
54400,-5183,-34
54500,-5183,-35
54600,-5183,-36
54700,-5183,-37
54800,-5183,-38
54900,-5183,-39
55000,-5183,-40
55100,-5183,-41
55200,-5183,-42
55300,-5183,-43
55400,-5183,-44
55500,-5183,-45
55600,-5183,-46
55700,-5183,-47
55800,-5183,-48
55900,-5183,-49
56000,-5183,-50
56100,-5183,-51
56200,-5183,-52
56300,-5183,-53
56400,-5183,-54
56500,-5183,-55
56600,-5183,-56
56700,-5183,-57
56800,-5183,-58
56900,-5186,-59
57000,-5183,-60
57100,-5183,-61
57200,-5183,-62
57300,-5183,-63
57400,-5183,-64
57500,-5183,-65
57600,-5183,-66
57700,-5183,-67
57800,-5183,-68
57900,-5183,-69
58000,-5183,-70
58100,-5183,-71
58200,-5183,-72
58300,-5183,-73
58400,-5183,-74
58500,-5183,-75
58600,-5183,-76
58700,-5183,-77
58800,-5183,-78
58900,-5183,-79
59000,-5183,-80
59100,-5183,-81
59200,-5183,-82
59300,-5183,-83
59400,-5183,-84
59500,-5183,-85
59600,-5183,-86
59700,-5183,-87
59800,-5183,-88
59900,-5183,-89
60000,-5183,-90
60100,-5183,-91
60200,-5183,-92
60300,-5183,-93
60400,-5183,-94
60500,-5183,-95
60600,-5183,-96
60700,-5183,-97
60800,-5183,-98
60900,-5183,-99
61000,-5183,-100
61100,-5183,-101
61200,-5183,-102
61300,-5189,-103
61400,-5242,-104
61500,-5242,-105
61600,-5242,-106
61700,-5242,-107
61800,-5242,-108
61900,-5242,-109
62000,-5242,-110
62100,-5242,-111
62200,-5242,-112
62300,-5242,-113
62400,-5242,-114
62500,-5242,-115
62600,-5242,-116
62700,-5242,-117
62800,-5242,-118
62900,-5242,-119
63000,-5242,-120
63100,-5242,-121
63200,-5242,-122
63300,-5242,-123
63400,-5242,-124
63500,-5242,-125
63600,-5242,-126
63700,-5242,-127
63800,-5242,-128
63900,-5242,-129
64000,-5242,-130
64100,-5242,-131
64200,-5242,-132
64300,-5242,-133
64400,-5242,-134
64500,-5242,-135
64600,-5242,-136
64700,-5242,-137
64800,-5242,-138
64900,-5242,-139
65000,-5242,-140
65100,-5242,-141
65200,-5242,-142
65300,-5242,-143
65400,-5242,-144
65500,-5242,-145
65600,-5242,-146
65700,-5242,-147
65800,-5242,-148
65900,-5242,-149
66000,-5242,-150
66100,-5242,-151
66200,-5242,-152
66300,-5242,-153
66400,-5242,-154
66500,-5242,-155
66600,-5242,-156
66700,-5242,-157
66800,-5242,-158
66900,-5242,-159
67000,-5242,-160
67100,-5242,-161
67200,-5242,-162
67300,-5242,-163
67400,-5242,-164
67500,-5242,-165
67600,-5242,-166
67700,-5242,-167
67800,-5241,-168
67900,-5241,-169
68000,-5241,-170
68100,-5241,-171
68200,-5241,-172
68300,-5241,-173
68400,-5241,-174
68500,-5240,-175
68600,-5231,-176
68700,-5231,-177
68800,-5231,-178
68900,-5231,-179
69000,-5231,-180
69100,-5231,-181
69200,-5231,-182
69300,-5231,-183
69400,-5231,-184
69500,-5231,-185
69600,-5231,-186
69700,-5231,-187
69800,-5231,-188
69900,-5231,-189
70000,-5231,-190
70100,-5231,-191
70200,-5231,-192
70300,-5231,-193
70400,-5231,-194
70500,-5231,-195
70600,-5231,-196
70700,-5231,-197
70800,-5231,-198
70900,-5231,-199
71000,-5231,-200
71100,-5231,-201
71200,-5231,-202
71300,-5231,-203
71400,-5231,-204
71500,-5231,-205
71600,-5231,-206
71700,-5231,-207
71800,-5231,-208
71900,-5231,-209
72000,-5231,-210
72100,-5231,-211
72200,-5231,-212
72300,-5231,-213
72400,-5231,-214
72500,-5231,-215
72600,-5231,-216
72700,-5231,-217
72800,-5231,-218
72900,-5231,-219
73000,-5231,-220
73100,-5231,-221
73200,-5231,-222
73300,-5231,-223
73400,-5231,-224
73500,-5231,-225
73600,-5231,-226
73700,-5231,-227
73800,-5219,-228
73900,-5201,-229
74000,-5178,-230
74100,-5150,-231
74200,-5120,-232
74300,-5086,-233
74400,-5051,-234
74500,-5015,-235
74600,-4976,-236
74700,-4936,-237
74800,-4897,-238
74900,-4857,-239
75000,-4814,-240
75100,-4771,-241
75200,-4726,-242
75300,-4680,-243
75400,-4636,-244
75500,-4590,-245
75600,-4542,-246
75700,-4493,-247
75800,-4442,-248
75900,-4390,-249
76000,-4337,-250
76100,-4282,-251
76200,-4226,-252
76300,-4170,-253
76400,-4113,-254
76500,-4054,-255
76600,-3995,-254
76700,-3934,-253
76800,-3874,-252
76900,-3815,-251
77000,-3759,-250
77100,-3702,-249
77200,-3643,-248
77300,-3585,-247
77400,-3528,-246
77500,-3471,-245
77600,-3415,-244
77700,-3359,-243
77800,-3303,-242
77900,-3249,-241
78000,-3195,-240
78100,-3141,-239
78200,-3089,-238
78300,-3037,-237
78400,-2986,-236
78500,-2936,-235
78600,-2885,-234
78700,-2836,-233
78800,-2786,-232
78900,-2739,-231
79000,-2694,-230
79100,-2651,-229
79200,-2607,-228
79300,-2562,-227
79400,-2517,-226
79500,-2472,-225
79600,-2429,-224
79700,-2387,-223
79800,-2344,-222
79900,-2302,-221
80000,-2260,-220
80100,-2217,-219
80200,-2175,-218
80300,-2135,-217
80400,-2094,-216
80500,-2054,-215
80600,-2015,-214
80700,-1976,-213
80800,-1937,-212
80900,-1899,-211
81000,-1861,-210
81100,-1824,-209
81200,-1788,-208
81300,-1752,-207
81400,-1716,-206
81500,-1681,-205
81600,-1645,-204
81700,-1611,-203
81800,-1577,-202
81900,-1543,-201
82000,-1509,-200
82100,-1476,-199
82200,-1443,-198
82300,-1411,-197
82400,-1379,-196
82500,-1347,-195
82600,-1316,-194
82700,-1285,-193
82800,-1255,-192
82900,-1226,-191
83000,-1197,-190
83100,-1168,-189
83200,-1140,-188
83300,-1111,-187
83400,-1083,-186
83500,-1055,-185
83600,-1029,-184
83700,-1004,-183
83800,-980,-182
83900,-956,-181
84000,-931,-180
84100,-906,-179
84200,-882,-178
84300,-858,-177
84400,-834,-176
84500,-810,-175
84600,-788,-174
84700,-765,-173
84800,-743,-172
84900,-722,-171
85000,-701,-170
85100,-680,-169
85200,-662,-168
85300,-642,-167
85400,-624,-166
85500,-606,-165
85600,-589,-164
85700,-573,-163
85800,-555,-162
85900,-540,-161
86000,-522,-160
86100,-508,-159
86200,-493,-158
86300,-479,-157
86400,-466,-156
86500,-452,-155
86600,-443,-154
86700,-429,-153
86800,-419,-152
86900,-413,-151
87000,-406,-150
87100,-393,-149
87200,-388,-148
87300,-388,-147
87400,-388,-146
87500,-388,-145
87600,-388,-144
87700,-388,-143
87800,-388,-142
87900,-388,-141
88000,-388,-140
88100,-388,-139
88200,-388,-138
88300,-388,-137
88400,-388,-136
88500,-388,-135
88600,-388,-134
88700,-388,-133
88800,-388,-132
88900,-388,-131
89000,-388,-130
89100,-388,-129
89200,-388,-128
89300,-388,-127
89400,-388,-126
89500,-388,-125
89600,-388,-124
89700,-388,-123
89800,-388,-122
89900,-388,-121
90000,-388,-120
90100,-388,-119
90200,-388,-118
90300,-388,-117
90400,-388,-116
90500,-388,-115
90600,-388,-114
90700,-388,-113
90800,-388,-112
90900,-388,-111
91000,-388,-110
91100,-388,-109
91200,-388,-108
91300,-388,-107
91400,-388,-106
91500,-388,-105
91600,-388,-104
91700,-388,-103
91800,-388,-102
91900,-388,-101
92000,-388,-100
92100,-388,-99
92200,-388,-98
92300,-388,-97
92400,-388,-96
92500,-388,-95
92600,-388,-94
92700,-388,-93
92800,-388,-92
92900,-388,-91
93000,-388,-90
93100,-388,-89
93200,-388,-88
93300,-388,-87
93400,-388,-86
93500,-388,-85
93600,-388,-84
93700,-388,-83
93800,-388,-82
93900,-388,-81
94000,-388,-80
94100,-388,-79
94200,-388,-78
94300,-388,-77
94400,-388,-76
94500,-388,-75
94600,-388,-74
94700,-388,-73
94800,-388,-72
94900,-388,-71
95000,-388,-70
95100,-388,-69
95200,-388,-68
95300,-388,-67
95400,-388,-66
95500,-388,-65
95600,-388,-64
95700,-388,-63
95800,-388,-62
95900,-388,-61
96000,-388,-60
96100,-388,-59
96200,-388,-58
96300,-388,-57
96400,-388,-56
96500,-388,-55
96600,-388,-54
96700,-388,-53
96800,-388,-52
96900,-388,-51
97000,-388,-50
97100,-388,-49
97200,-388,-48
97300,-388,-47
97400,-388,-46
97500,-388,-45
97600,-388,-44
97700,-388,-43
97800,-388,-42
97900,-388,-41
98000,-388,-40
98100,-388,-39
98200,-388,-38
98300,-388,-37
98400,-388,-36
98500,-388,-35
98600,-388,-34
98700,-388,-33
98800,-388,-32
98900,-388,-31
99000,-388,-30
99100,-388,-29
99200,-388,-28
99300,-388,-27
99400,-388,-26
99500,-388,-25
99600,-388,-24
99700,-388,-23
99800,-388,-22
99900,-388,-21
100000,-388,-20
100100,-388,-19
100200,-388,-18
100300,-388,-17
100400,-388,-16
100500,-388,-15
100600,-388,-14
100700,-388,-13
100800,-388,-12
100900,-388,-11
101000,-388,-10
101100,-388,-9
101200,-388,-8
101300,-388,-7
101400,-388,-6
101500,-388,-5
101600,-388,-4
101700,-388,-3
101800,-388,-2
101900,-388,-1
102000,-388,0
102100,-388,1
102200,-388,2
102300,-388,3
102400,-388,4
102500,-388,5
102600,-388,6
102700,-388,7
102800,-388,8
102900,-388,9
103000,-388,10
103100,-388,11
103200,-388,12
103300,-388,13
103400,-388,14
103500,-388,15
103600,-388,16
103700,-388,17
103800,-388,18
103900,-388,19
104000,-388,20
104100,-388,21
104200,-388,22
104300,-388,23
104400,-388,24
104500,-390,25
104600,-390,26
104700,-390,27
104800,-390,28
104900,-390,29
105000,-390,30
105100,-390,31
105200,-390,32
105300,-390,33
105400,-390,34
105500,-390,35
105600,-390,36
105700,-390,37
105800,-390,38
105900,-390,39
106000,-390,40
106100,-390,41
106200,-390,42
106300,-390,43
106400,-390,44
106500,-390,45
106600,-390,46
106700,-390,47
106800,-390,48
106900,-390,49
107000,-390,50
107100,-390,51
107200,-390,52
107300,-390,53
107400,-390,54
107500,-390,55
107600,-375,56
107700,-375,57
107800,-375,58
107900,-375,59
108000,-375,60
108100,-375,61
108200,-375,62
108300,-375,63
108400,-375,64
108500,-375,65
108600,-375,66
108700,-375,67
108800,-375,68
108900,-375,69
109000,-375,70
109100,-375,71
109200,-375,72
109300,-375,73
109400,-375,74
109500,-375,75
109600,-375,76
109700,-375,77
109800,-375,78
109900,-375,79
110000,-375,80
110100,-375,81
110200,-375,82
110300,-375,83
110400,-375,84
110500,-375,85
110600,-375,86
110700,-375,87
110800,-375,88
110900,-375,89
111000,-375,90
111100,-375,91
111200,-375,92
111300,-375,93
111400,-375,94
111500,-375,95
111600,-375,96
111700,-375,97
111800,-375,98
111900,-375,99
112000,-375,100
112100,-375,101
112200,-375,102
112300,-375,103
112400,-375,104
112500,-375,105
112600,-375,106
112700,-375,107
112800,-375,108
112900,-375,109
113000,-375,110
113100,-375,111
113200,-375,112
113300,-375,113
113400,-375,114
113500,-375,115
113600,-375,116
113700,-375,117
113800,-375,118
113900,-375,119
114000,-375,120
114100,-375,121
114200,-375,122
114300,-375,123
114400,-375,124
114500,-375,125
114600,-375,126
114700,-375,127
114800,-375,128
114900,-375,129
115000,-375,130
115100,-375,131
115200,-375,132
115300,-375,133
115400,-375,134
115500,-375,135
115600,-375,136
115700,-375,137
115800,-375,138
115900,-375,139
116000,-375,140
116100,-375,141
116200,-375,142
116300,-375,143
116400,-375,144
116500,-375,145
116600,-375,146
116700,-375,147
116800,-375,148
116900,-375,149
117000,-375,150
117100,-375,151
117200,-375,152
117300,-392,153
117400,-392,154
117500,-392,155
117600,-392,156
117700,-392,157
117800,-392,158
117900,-392,159
118000,-392,160
118100,-392,161
118200,-392,162
118300,-392,163
118400,-392,164
118500,-392,165
118600,-392,166
118700,-392,167
118800,-392,168
118900,-392,169
119000,-392,170
119100,-392,171
119200,-392,172
119300,-392,173
119400,-392,174
119500,-392,175
119600,-392,176
119700,-392,177
119800,-392,178
119900,-392,179
120000,-392,180
120100,-392,181
120200,-392,182
120300,-392,183
120400,-392,184
120500,-392,185
120600,-392,186
120700,-392,187
120800,-392,188
120900,-392,189
121000,-392,190
121100,-392,191
121200,-392,192
121300,-392,193
121400,-392,194
121500,-392,195
121600,-392,196
121700,-392,197
121800,-392,198
121900,-392,199
122000,-392,200
122100,-392,201
122200,-392,202
122300,-392,203
122400,-383,204
122500,-383,205
122600,-383,206
122700,-383,207
122800,-383,208
122900,-383,209
123000,-383,210
123100,-383,211
123200,-383,212
123300,-383,213
123400,-383,214
123500,-383,215
123600,-383,216
123700,-383,217
123800,-383,218
123900,-383,219
124000,-383,220
124100,-383,221
124200,-386,222
124300,-413,223
124400,-447,224
124500,-483,225
124600,-521,226
124700,-562,227
124800,-603,228
124900,-646,229
125000,-690,230
125100,-734,231
125200,-779,232
125300,-823,233
125400,-866,234
125500,-912,235
125600,-959,236
125700,-1006,237
125800,-1055,238
125900,-1105,239
126000,-1155,240
126100,-1206,241
126200,-1258,242
126300,-1311,243
126400,-1365,244
126500,-1420,245
126600,-1475,246
126700,-1532,247
126800,-1589,248
126900,-1646,249
127000,-1704,250
127100,-1760,251
127200,-1809,252
127300,-1860,253
127400,-1911,254
127500,-1963,255
127600,-2018,254
127700,-2073,253
127800,-2128,252
127900,-2184,251
128000,-2239,250
128100,-2294,249
128200,-2348,248
128300,-2402,247
128400,-2456,246
128500,-2509,245
128600,-2562,244
128700,-2616,243
128800,-2668,242
128900,-2720,241
129000,-2772,240
129100,-2824,239
129200,-2875,238
129300,-2926,237
129400,-2977,236
129500,-3026,235
129600,-3076,234
129700,-3125,233
129800,-3173,232
129900,-3221,231
130000,-3269,230
130100,-3316,229
130200,-3363,228
130300,-3410,227
130400,-3457,226
130500,-3504,225
130600,-3550,224
130700,-3595,223
130800,-3640,222
130900,-3685,221
131000,-3728,220
131100,-3772,219
131200,-3814,218
131300,-3856,217
131400,-3897,216
131500,-3938,215
131600,-3978,214
131700,-4018,213
131800,-4058,212
131900,-4097,211
132000,-4136,210
132100,-4174,209
132200,-4214,208
132300,-4252,207
132400,-4289,206
132500,-4326,205
132600,-4363,204
132700,-4400,203
132800,-4436,202
132900,-4471,201
133000,-4503,200
133100,-4533,199
133200,-4563,198
133300,-4594,197
133400,-4626,196
133500,-4657,195
133600,-4688,194
133700,-4719,193
133800,-4750,192
133900,-4781,191
134000,-4812,190
134100,-4843,189
134200,-4873,188
134300,-4903,187
134400,-4933,186
134500,-4962,185
134600,-4990,184
134700,-5019,183
134800,-5047,182
134900,-5073,181
135000,-5099,180
135100,-5126,179
135200,-5152,178
135300,-5176,177
135400,-5197,176
135500,-5219,175
135600,-5241,174
135700,-5263,173
135800,-5285,172
135900,-5306,171
136000,-5327,170
136100,-5349,169
136200,-5369,168
136300,-5388,167
136400,-5407,166
136500,-5426,165
136600,-5444,164
136700,-5463,163
136800,-5479,162
136900,-5496,161
137000,-5511,160
137100,-5528,159
137200,-5542,158
137300,-5558,157
137400,-5571,156
137500,-5586,155
137600,-5598,154
137700,-5610,153
137800,-5623,152
137900,-5626,151
138000,-5626,150
138100,-5626,149
138200,-5626,148
138300,-5626,147
138400,-5626,146
138500,-5626,145
138600,-5626,144
138700,-5626,143
138800,-5626,142
138900,-5626,141
139000,-5626,140
139100,-5626,139
139200,-5626,138
139300,-5626,137
139400,-5626,136
139500,-5626,135
139600,-5626,134
139700,-5626,133
139800,-5626,132
139900,-5626,131
140000,-5626,130
140100,-5626,129
140200,-5626,128
140300,-5626,127
140400,-5626,126
140500,-5626,125
140600,-5626,124
140700,-5626,123
140800,-5626,122
140900,-5626,121
141000,-5626,120
141100,-5626,119
141200,-5626,118
141300,-5626,117
141400,-5626,116
141500,-5626,115
141600,-5626,114
141700,-5626,113
141800,-5626,112
141900,-5626,111
142000,-5626,110
142100,-5626,109
142200,-5626,108
142300,-5626,107
142400,-5626,106
142500,-5626,105
142600,-5626,104
142700,-5626,103
142800,-5626,102
142900,-5626,101
143000,-5626,100
143100,-5626,99
143200,-5626,98
143300,-5626,97
143400,-5626,96
143500,-5626,95
143600,-5626,94
143700,-5626,93
143800,-5626,92
143900,-5626,91
144000,-5626,90
144100,-5626,89
144200,-5626,88
144300,-5626,87
144400,-5626,86
144500,-5626,85
144600,-5626,84
144700,-5626,83
144800,-5626,82
144900,-5626,81
145000,-5626,80
145100,-5626,79
145200,-5626,78
145300,-5626,77
145400,-5626,76
145500,-5626,75
145600,-5626,74
145700,-5626,73
145800,-5626,72
145900,-5626,71
146000,-5626,70
146100,-5626,69
146200,-5626,68
146300,-5626,67
146400,-5626,66
146500,-5626,65
146600,-5626,64
146700,-5626,63
146800,-5626,62
146900,-5626,61
147000,-5626,60
147100,-5626,59
147200,-5626,58
147300,-5626,57
147400,-5626,56
147500,-5626,55
147600,-5626,54
147700,-5626,53
147800,-5626,52
147900,-5626,51
148000,-5626,50
148100,-5626,49
148200,-5626,48
148300,-5626,47
148400,-5626,46
148500,-5626,45
148600,-5626,44
148700,-5626,43
148800,-5626,42
148900,-5626,41
149000,-5626,40
149100,-5626,39
149200,-5626,38
149300,-5626,37
149400,-5626,36
149500,-5626,35
149600,-5626,34
149700,-5626,33
149800,-5626,32
149900,-5626,31
150000,-5626,30
150100,-5626,29
150200,-5626,28
150300,-5626,27
150400,-5626,26
150500,-5626,25
150600,-5626,24
150700,-5626,23
150800,-5626,22
150900,-5626,21
151000,-5626,20
151100,-5626,19
151200,-5626,18
151300,-5626,17
151400,-5626,16
151500,-5626,15
151600,-5626,14
151700,-5626,13
151800,-5626,12
151900,-5626,11
152000,-5626,10
152100,-5626,9
152200,-5626,8
152300,-5626,7
152400,-5626,6
152500,-5626,5
152600,-5626,4
152700,-5626,3
152800,-5626,2
152900,-5626,1
153000,-5626,0
153100,-5626,-1
153200,-5626,-2
153300,-5626,-3
153400,-5626,-4
153500,-5626,-5
153600,-5626,-6
153700,-5626,-7
153800,-5626,-8
153900,-5626,-9
154000,-5626,-10
154100,-5626,-11
154200,-5626,-12
154300,-5626,-13
154400,-5626,-14
154500,-5626,-15
154600,-5626,-16
154700,-5626,-17
154800,-5626,-18
154900,-5626,-19
155000,-5626,-20
155100,-5626,-21
155200,-5626,-22
155300,-5626,-23
155400,-5626,-24
155500,-5626,-25
155600,-5626,-26
155700,-5626,-27
155800,-5626,-28
155900,-5626,-29
156000,-5626,-30
156100,-5626,-31
156200,-5626,-32
156300,-5626,-33
156400,-5626,-34
156500,-5626,-35
156600,-5626,-36
156700,-5626,-37
156800,-5626,-38
156900,-5626,-39
157000,-5626,-40
157100,-5626,-41
157200,-5626,-42
157300,-5626,-43
157400,-5626,-44
157500,-5626,-45
157600,-5626,-46
157700,-5626,-47
157800,-5626,-48
157900,-5626,-49
158000,-5626,-50
158100,-5626,-51
158200,-5626,-52
158300,-5626,-53
158400,-5626,-54
158500,-5626,-55
158600,-5626,-56
158700,-5626,-57
158800,-5626,-58
158900,-5626,-59
159000,-5626,-60
159100,-5626,-61
159200,-5626,-62
159300,-5626,-63
159400,-5626,-64
159500,-5626,-65
159600,-5626,-66
159700,-5626,-67
159800,-5626,-68
159900,-5626,-69
160000,-5626,-70
160100,-5626,-71
160200,-5626,-72
160300,-5626,-73
160400,-5626,-74
160500,-5626,-75
160600,-5626,-76
160700,-5626,-77
160800,-5626,-78
160900,-5626,-79
161000,-5626,-80
161100,-5626,-81
161200,-5626,-82
161300,-5626,-83
161400,-5626,-84
161500,-5626,-85
161600,-5626,-86
161700,-5626,-87
161800,-5626,-88
161900,-5626,-89
162000,-5626,-90
162100,-5626,-91
162200,-5571,-92
162300,-5569,-93
162400,-5569,-94
162500,-5569,-95
162600,-5569,-96
162700,-5569,-97
162800,-5569,-98
162900,-5569,-99
163000,-5569,-100
163100,-5569,-101
163200,-5569,-102
163300,-5569,-103
163400,-5569,-104
163500,-5569,-105
163600,-5569,-106
163700,-5569,-107
163800,-5569,-108
163900,-5569,-109
164000,-5569,-110
164100,-5569,-111
164200,-5569,-112
164300,-5569,-113
164400,-5569,-114
164500,-5569,-115
164600,-5569,-116
164700,-5569,-117
164800,-5569,-118
164900,-5569,-119
165000,-5569,-120
165100,-5569,-121
165200,-5569,-122
165300,-5569,-123
165400,-5569,-124
165500,-5569,-125
165600,-5569,-126
165700,-5569,-127
165800,-5569,-128
165900,-5569,-129
166000,-5569,-130
166100,-5569,-131
166200,-5569,-132
166300,-5569,-133
166400,-5569,-134
166500,-5569,-135
166600,-5569,-136
166700,-5569,-137
166800,-5569,-138
166900,-5569,-139
167000,-5569,-140
167100,-5569,-141
167200,-5569,-142
167300,-5569,-143
167400,-5569,-144
167500,-5569,-145
167600,-5569,-146
167700,-5569,-147
167800,-5569,-148
167900,-5569,-149
168000,-5569,-150
168100,-5569,-151
168200,-5569,-152
168300,-5569,-153
168400,-5569,-154
168500,-5569,-155
168600,-5569,-156
168700,-5569,-157
168800,-5569,-158
168900,-5569,-159
169000,-5569,-160
169100,-5569,-161
169200,-5569,-162
169300,-5569,-163
169400,-5569,-164
169500,-5569,-165
169600,-5569,-166
169700,-5569,-167
169800,-5569,-168
169900,-5569,-169
170000,-5569,-170
170100,-5569,-171
170200,-5569,-172
170300,-5569,-173
170400,-5569,-174
170500,-5569,-175
170600,-5569,-176
170700,-5569,-177
170800,-5569,-178
170900,-5569,-179
171000,-5569,-180
171100,-5569,-181
171200,-5569,-182
171300,-5569,-183
171400,-5569,-184
171500,-5569,-185
171600,-5569,-186
171700,-5569,-187
171800,-5569,-188
171900,-5569,-189
172000,-5569,-190
172100,-5569,-191
172200,-5569,-192
172300,-5569,-193
172400,-5569,-194
172500,-5569,-195
172600,-5569,-196
172700,-5569,-197
172800,-5569,-198
172900,-5569,-199
173000,-5569,-200
173100,-5569,-201
173200,-5569,-202
173300,-5569,-203
173400,-5569,-204
173500,-5569,-205
173600,-5569,-206
173700,-5569,-207
173800,-5569,-208
173900,-5569,-209
174000,-5569,-210
174100,-5569,-211
174200,-5569,-212
174300,-5569,-213
174400,-5569,-214
174500,-5569,-215
174600,-5569,-216
174700,-5569,-217
174800,-5569,-218
174900,-5569,-219
175000,-5569,-220
175100,-5569,-221
175200,-5569,-222
175300,-5569,-223
175400,-5569,-224
175500,-5569,-225
175600,-5569,-226
175700,-5569,-227
175800,-5569,-228
175900,-5569,-229
176000,-5569,-230
176100,-5569,-231
176200,-5569,-232
176300,-5569,-233
176400,-5569,-234
176500,-5569,-235
176600,-5569,-236
176700,-5569,-237
176800,-5569,-238
176900,-5569,-239
177000,-5569,-240
177100,-5568,-241
177200,-5567,-242
177300,-5538,-243
177400,-5503,-244
177500,-5465,-245
177600,-5422,-246
177700,-5377,-247
177800,-5331,-248
177900,-5282,-249
178000,-5232,-250
178100,-5182,-251
178200,-5129,-252
178300,-5074,-253
178400,-5020,-254
178500,-4964,-255
178600,-4907,-254
178700,-4850,-253
178800,-4793,-252
178900,-4739,-251
179000,-4684,-250
179100,-4630,-249
179200,-4577,-248
179300,-4524,-247
179400,-4472,-246
179500,-4422,-245
179600,-4372,-244
179700,-4323,-243
179800,-4275,-242
179900,-4227,-241
180000,-4179,-240
180100,-4132,-239
180200,-4085,-238
180300,-4038,-237
180400,-3993,-236
180500,-3947,-235
180600,-3902,-234
180700,-3859,-233
180800,-3816,-232
180900,-3773,-231
181000,-3731,-230
181100,-3688,-229
181200,-3646,-228
181300,-3605,-227
181400,-3564,-226
181500,-3523,-225
181600,-3483,-224
181700,-3443,-223
181800,-3403,-222
181900,-3364,-221
182000,-3326,-220
182100,-3289,-219
182200,-3252,-218
182300,-3214,-217
182400,-3178,-216
182500,-3142,-215
182600,-3108,-214
182700,-3075,-213
182800,-3042,-212
182900,-3010,-211
183000,-2977,-210
183100,-2946,-209
183200,-2915,-208
183300,-2884,-207
183400,-2854,-206
183500,-2823,-205
183600,-2791,-204
183700,-2757,-203
183800,-2723,-202
183900,-2689,-201
184000,-2655,-200
184100,-2621,-199
184200,-2588,-198
184300,-2556,-197
184400,-2528,-196
184500,-2501,-195
184600,-2474,-194
184700,-2447,-193
184800,-2420,-192
184900,-2393,-191
185000,-2364,-190
185100,-2335,-189
185200,-2306,-188
185300,-2276,-187
185400,-2247,-186
185500,-2218,-185
185600,-2189,-184
185700,-2162,-183
185800,-2137,-182
185900,-2111,-181
186000,-2084,-180
186100,-2057,-179
186200,-2031,-178
186300,-2008,-177
186400,-1985,-176
186500,-1963,-175
186600,-1941,-174
186700,-1919,-173
186800,-1895,-172
186900,-1874,-171
187000,-1852,-170
187100,-1830,-169
187200,-1810,-168
187300,-1790,-167
187400,-1769,-166
187500,-1755,-165
187600,-1738,-164
187700,-1725,-163
187800,-1706,-162
187900,-1692,-161
188000,-1674,-160
188100,-1662,-159
188200,-1646,-158
188300,-1638,-157
188400,-1637,-156
188500,-1637,-155
188600,-1633,-154
188700,-1626,-153
188800,-1614,-152
188900,-1611,-151
189000,-1611,-150
189100,-1611,-149
189200,-1611,-148
189300,-1611,-147
189400,-1611,-146
189500,-1611,-145
189600,-1611,-144
189700,-1611,-143
189800,-1611,-142
189900,-1611,-141
190000,-1611,-140
190100,-1611,-139
190200,-1611,-138
190300,-1611,-137
190400,-1611,-136
190500,-1611,-135
190600,-1611,-134
190700,-1611,-133
190800,-1611,-132
190900,-1611,-131
191000,-1611,-130
191100,-1611,-129
191200,-1611,-128
191300,-1611,-127
191400,-1611,-126
191500,-1611,-125
191600,-1611,-124
191700,-1611,-123
191800,-1611,-122
191900,-1611,-121
192000,-1611,-120
192100,-1611,-119
192200,-1611,-118
192300,-1611,-117
192400,-1611,-116
192500,-1611,-115
192600,-1611,-114
192700,-1611,-113
192800,-1611,-112
192900,-1611,-111
193000,-1611,-110
193100,-1611,-109
193200,-1611,-108
193300,-1611,-107
193400,-1611,-106
193500,-1611,-105
193600,-1611,-104
193700,-1611,-103
193800,-1611,-102
193900,-1611,-101
194000,-1611,-100
194100,-1611,-99
194200,-1611,-98
194300,-1611,-97
194400,-1611,-96
194500,-1611,-95
194600,-1611,-94
194700,-1611,-93
194800,-1611,-92
194900,-1611,-91
195000,-1611,-90
195100,-1611,-89
195200,-1611,-88
195300,-1611,-87
195400,-1611,-86
195500,-1611,-85
195600,-1611,-84
195700,-1611,-83
195800,-1611,-82
195900,-1611,-81
196000,-1611,-80
196100,-1611,-79
196200,-1611,-78
196300,-1611,-77
196400,-1611,-76
196500,-1611,-75
196600,-1611,-74
196700,-1611,-73
196800,-1611,-72
196900,-1611,-71
197000,-1611,-70
197100,-1611,-69
197200,-1611,-68
197300,-1611,-67
197400,-1611,-66
197500,-1611,-65
197600,-1611,-64
197700,-1611,-63
197800,-1611,-62
197900,-1611,-61
198000,-1611,-60
198100,-1611,-59
198200,-1611,-58
198300,-1611,-57
198400,-1611,-56
198500,-1611,-55
198600,-1611,-54
198700,-1611,-53
198800,-1611,-52
198900,-1611,-51
199000,-1611,-50
199100,-1611,-49
199200,-1611,-48
199300,-1611,-47
199400,-1611,-46
199500,-1611,-45
199600,-1611,-44
199700,-1611,-43
199800,-1611,-42
199900,-1611,-41
200000,-1611,-40
200100,-1611,-39
200200,-1611,-38
200300,-1611,-37
200400,-1611,-36
200500,-1611,-35
200600,-1611,-34
200700,-1611,-33
200800,-1611,-32
200900,-1611,-31
201000,-1611,-30
201100,-1611,-29
201200,-1611,-28
201300,-1611,-27
201400,-1611,-26
201500,-1611,-25
201600,-1611,-24
201700,-1611,-23
201800,-1611,-22
201900,-1611,-21
202000,-1611,-20
202100,-1611,-19
202200,-1611,-18
202300,-1611,-17
202400,-1611,-16
202500,-1611,-15
202600,-1611,-14
202700,-1611,-13
202800,-1611,-12
202900,-1611,-11
203000,-1611,-10
203100,-1611,-9
203200,-1611,-8
203300,-1611,-7
203400,-1611,-6
203500,-1611,-5
203600,-1611,-4
203700,-1611,-3
203800,-1611,-2
203900,-1611,-1
204000,-1611,0
204100,-1611,1
204200,-1611,2
204300,-1611,3
204400,-1611,4
204500,-1611,5
204600,-1611,6
204700,-1611,7
204800,-1611,8
204900,-1611,9
205000,-1611,10
205100,-1611,11
205200,-1611,12
205300,-1611,13
205400,-1611,14
205500,-1611,15
205600,-1611,16
205700,-1611,17
205800,-1611,18
205900,-1611,19
206000,-1611,20
206100,-1611,21
206200,-1611,22
206300,-1611,23
206400,-1611,24
206500,-1611,25
206600,-1611,26
206700,-1611,27
206800,-1611,28
206900,-1611,29
207000,-1611,30
207100,-1611,31
207200,-1611,32
207300,-1611,33
207400,-1611,34
207500,-1611,35
207600,-1611,36
207700,-1611,37
207800,-1611,38
207900,-1611,39
208000,-1611,40
208100,-1611,41
208200,-1611,42
208300,-1611,43
208400,-1611,44
208500,-1611,45
208600,-1611,46
208700,-1611,47
208800,-1611,48
208900,-1611,49
209000,-1611,50
209100,-1611,51
209200,-1611,52
209300,-1611,53
209400,-1611,54
209500,-1611,55
209600,-1611,56
209700,-1611,57
209800,-1611,58
209900,-1611,59
210000,-1611,60
210100,-1611,61
210200,-1611,62
210300,-1611,63
210400,-1611,64
210500,-1611,65
210600,-1611,66
210700,-1611,67
210800,-1611,68
210900,-1611,69
211000,-1611,70
211100,-1611,71
211200,-1611,72
211300,-1611,73
211400,-1611,74
211500,-1611,75
211600,-1611,76
211700,-1611,77
211800,-1611,78
211900,-1611,79
212000,-1611,80
212100,-1611,81
212200,-1611,82
212300,-1611,83
212400,-1611,84
212500,-1611,85
212600,-1611,86
212700,-1611,87
212800,-1611,88
212900,-1611,89
213000,-1611,90
213100,-1611,91
213200,-1611,92
213300,-1611,93
213400,-1611,94
213500,-1611,95
213600,-1611,96
213700,-1611,97
213800,-1611,98
213900,-1611,99
214000,-1661,100
214100,-1661,101
214200,-1661,102
214300,-1661,103
214400,-1661,104
214500,-1661,105
214600,-1661,106
214700,-1661,107
214800,-1661,108
214900,-1661,109
215000,-1661,110
215100,-1661,111
215200,-1661,112
215300,-1661,113
215400,-1661,114
215500,-1661,115
215600,-1661,116
215700,-1661,117
215800,-1661,118
215900,-1661,119
216000,-1661,120
216100,-1661,121
216200,-1661,122
216300,-1661,123
216400,-1661,124
216500,-1661,125
216600,-1661,126
216700,-1661,127
216800,-1661,128
216900,-1661,129
217000,-1661,130
217100,-1661,131
217200,-1661,132
217300,-1661,133
217400,-1661,134
217500,-1661,135
217600,-1661,136
217700,-1661,137
217800,-1661,138
217900,-1661,139
218000,-1661,140
218100,-1661,141
218200,-1661,142
218300,-1661,143
218400,-1661,144
218500,-1661,145
218600,-1661,146
218700,-1661,147
218800,-1661,148
218900,-1661,149
219000,-1661,150
219100,-1661,151
219200,-1661,152
219300,-1661,153
219400,-1661,154
219500,-1661,155
219600,-1661,156
219700,-1661,157
219800,-1661,158
219900,-1661,159
220000,-1661,160
220100,-1661,161
220200,-1661,162
220300,-1661,163
220400,-1661,164
220500,-1661,165
220600,-1661,166
220700,-1661,167
220800,-1661,168
220900,-1661,169
221000,-1661,170
221100,-1661,171
221200,-1661,172
221300,-1661,173
221400,-1661,174
221500,-1661,175
221600,-1661,176
221700,-1661,177
221800,-1661,178
221900,-1661,179
222000,-1661,180
222100,-1661,181
222200,-1661,182
222300,-1661,183
222400,-1661,184
222500,-1661,185
222600,-1661,186
222700,-1661,187
222800,-1661,188
222900,-1661,189
223000,-1661,190
223100,-1661,191
223200,-1661,192
223300,-1661,193
223400,-1661,194
223500,-1661,195
223600,-1661,196
223700,-1661,197
223800,-1661,198
223900,-1661,199
224000,-1661,200
224100,-1661,201
224200,-1661,202
224300,-1661,203
224400,-1661,204
224500,-1661,205
224600,-1661,206
224700,-1661,207
224800,-1661,208
224900,-1661,209
225000,-1661,210
225100,-1661,211
225200,-1661,212
225300,-1661,213
225400,-1661,214
225500,-1661,215
225600,-1661,216
225700,-1661,217
225800,-1661,218
225900,-1661,219
226000,-1661,220
226100,-1661,221
226200,-1661,222
226300,-1661,223
226400,-1661,224
226500,-1661,225
226600,-1661,226
226700,-1661,227
226800,-1661,228
226900,-1661,229
227000,-1661,230
227100,-1662,231
227200,-1665,232
227300,-1694,233
227400,-1730,234
227500,-1767,235
227600,-1809,236
227700,-1852,237
227800,-1897,238
227900,-1943,239
228000,-1989,240
228100,-2035,241
228200,-2083,242
228300,-2133,243
228400,-2182,244
228500,-2232,245
228600,-2283,246
228700,-2334,247
228800,-2387,248
228900,-2439,249
229000,-2493,250
229100,-2548,251
229200,-2603,252
229300,-2658,253
229400,-2715,254
229500,-2772,255
229600,-2829,254
229700,-2886,253
229800,-2943,252
229900,-3000,251
230000,-3056,250
230100,-3111,249
230200,-3165,248
230300,-3218,247
230400,-3271,246
230500,-3324,245
230600,-3376,244
230700,-3427,243
230800,-3479,242
230900,-3530,241
231000,-3579,240
231100,-3629,239
231200,-3678,238
231300,-3727,237
231400,-3775,236
231500,-3823,235
231600,-3870,234
231700,-3916,233
231800,-3961,232
231900,-4005,231
232000,-4050,230
232100,-4094,229
232200,-4137,228
232300,-4181,227
232400,-4224,226
232500,-4266,225
232600,-4308,224
232700,-4349,223
232800,-4389,222
232900,-4428,221
233000,-4467,220
233100,-4505,219
233200,-4543,218
233300,-4581,217
233400,-4619,216
233500,-4656,215
233600,-4693,214
233700,-4730,213
233800,-4767,212
233900,-4803,211
234000,-4838,210
234100,-4873,209
234200,-4908,208
234300,-4943,207
234400,-4978,206
234500,-5012,205
234600,-5046,204
234700,-5080,203
234800,-5113,202
234900,-5146,201
235000,-5178,200
235100,-5211,199
235200,-5242,198
235300,-5274,197
235400,-5304,196
235500,-5334,195
235600,-5364,194
235700,-5394,193
235800,-5423,192
235900,-5453,191
236000,-5481,190
236100,-5509,189
236200,-5537,188
236300,-5565,187
236400,-5592,186
236500,-5619,185
236600,-5645,184
236700,-5671,183
236800,-5695,182
236900,-5720,181
237000,-5744,180
237100,-5768,179
237200,-5791,178
237300,-5813,177
237400,-5835,176
237500,-5858,175
237600,-5879,174
237700,-5900,173
237800,-5921,172
237900,-5941,171
238000,-5960,170
238100,-5980,169
238200,-6000,168
238300,-6018,167
238400,-6037,166
238500,-6054,165
238600,-6071,164
238700,-6087,163
238800,-6102,162
238900,-6116,161
239000,-6131,160
239100,-6143,159
239200,-6155,158
239300,-6164,157
239400,-6175,156
239500,-6179,155
239600,-6179,154
239700,-6179,153
239800,-6179,152
239900,-6179,151
240000,-6179,150
240100,-6179,149
240200,-6179,148
240300,-6179,147
240400,-6179,146
240500,-6179,145
240600,-6179,144
240700,-6179,143
240800,-6179,142
240900,-6179,141
241000,-6179,140
241100,-6179,139
241200,-6179,138
241300,-6179,137
241400,-6179,136
241500,-6179,135
241600,-6179,134
241700,-6179,133
241800,-6179,132
241900,-6179,131
242000,-6179,130
242100,-6179,129
242200,-6179,128
242300,-6179,127
242400,-6179,126
242500,-6179,125
242600,-6179,124
242700,-6179,123
242800,-6179,122
242900,-6179,121
243000,-6179,120
243100,-6179,119
243200,-6179,118
243300,-6179,117
243400,-6179,116
243500,-6179,115
243600,-6179,114
243700,-6179,113
243800,-6179,112
243900,-6179,111
244000,-6179,110
244100,-6179,109
244200,-6179,108
244300,-6179,107
244400,-6179,106
244500,-6179,105
244600,-6179,104
244700,-6179,103
244800,-6179,102
244900,-6179,101
245000,-6179,100
245100,-6179,99
245200,-6179,98
245300,-6179,97
245400,-6179,96
245500,-6179,95
245600,-6179,94
245700,-6179,93
245800,-6179,92
245900,-6179,91
246000,-6179,90
246100,-6179,89
246200,-6179,88
246300,-6179,87
246400,-6179,86
246500,-6179,85
246600,-6179,84
246700,-6179,83
246800,-6179,82
246900,-6179,81
247000,-6179,80
247100,-6179,79
247200,-6179,78
247300,-6179,77
247400,-6179,76
247500,-6179,75
247600,-6179,74
247700,-6179,73
247800,-6179,72
247900,-6179,71
248000,-6179,70
248100,-6179,69
248200,-6179,68
248300,-6179,67
248400,-6179,66
248500,-6179,65
248600,-6179,64
248700,-6179,63
248800,-6179,62
248900,-6179,61
249000,-6179,60
249100,-6179,59
249200,-6179,58
249300,-6179,57
249400,-6179,56
249500,-6179,55
249600,-6179,54
249700,-6179,53
249800,-6179,52
249900,-6179,51
250000,-6179,50
250100,-6179,49
250200,-6179,48
250300,-6179,47
250400,-6179,46
250500,-6179,45
250600,-6179,44
250700,-6179,43
250800,-6179,42
250900,-6179,41
251000,-6179,40
251100,-6179,39
251200,-6179,38
251300,-6179,37
251400,-6179,36
251500,-6179,35
251600,-6179,34
251700,-6179,33
251800,-6179,32
251900,-6179,31
252000,-6179,30
252100,-6179,29
252200,-6179,28
252300,-6179,27
252400,-6179,26
252500,-6179,25
252600,-6179,24
252700,-6179,23
252800,-6179,22
252900,-6179,21
253000,-6179,20
253100,-6179,19
253200,-6179,18
253300,-6179,17
253400,-6179,16
253500,-6179,15
253600,-6179,14
253700,-6179,13
253800,-6179,12
253900,-6179,11
254000,-6179,10
254100,-6179,9
254200,-6179,8
254300,-6179,7
254400,-6179,6
254500,-6179,5
254600,-6179,4
254700,-6179,3
254800,-6179,2
254900,-6179,1
255000,-6179,0
255100,-6179,-1
255200,-6179,-2
255300,-6179,-3
255400,-6179,-4
255500,-6179,-5
255600,-6179,-6
255700,-6179,-7
255800,-6179,-8
255900,-6179,-9
256000,-6179,-10
256100,-6179,-11
256200,-6179,-12
256300,-6179,-13
256400,-6179,-14
256500,-6179,-15
256600,-6179,-16
256700,-6179,-17
256800,-6179,-18
256900,-6179,-19
257000,-6179,-20
257100,-6179,-21
257200,-6179,-22
257300,-6179,-23
257400,-6179,-24
257500,-6179,-25
257600,-6179,-26
257700,-6179,-27
257800,-6179,-28
257900,-6179,-29
258000,-6179,-30
258100,-6179,-31
258200,-6179,-32
258300,-6179,-33
258400,-6179,-34
258500,-6179,-35
258600,-6179,-36
258700,-6179,-37
258800,-6179,-38
258900,-6179,-39
259000,-6179,-40
259100,-6179,-41
259200,-6179,-42
259300,-6179,-43
259400,-6179,-44
259500,-6178,-45
259600,-6178,-46
259700,-6178,-47
259800,-6178,-48
259900,-6178,-49
260000,-6178,-50
260100,-6178,-51
260200,-6178,-52
260300,-6178,-53
260400,-6178,-54
260500,-6178,-55
260600,-6178,-56
260700,-6178,-57
260800,-6178,-58
260900,-6178,-59
261000,-6178,-60
261100,-6178,-61
261200,-6178,-62
261300,-6178,-63
261400,-6178,-64
261500,-6178,-65
261600,-6178,-66
261700,-6177,-67
261800,-6176,-68
261900,-6176,-69
262000,-6176,-70
262100,-6176,-71
262200,-6176,-72
262300,-6176,-73
262400,-6176,-74
262500,-6176,-75
262600,-6176,-76
262700,-6176,-77
262800,-6176,-78
262900,-6176,-79
263000,-6176,-80
263100,-6176,-81
263200,-6176,-82
263300,-6176,-83
263400,-6176,-84
263500,-6176,-85
263600,-6176,-86
263700,-6176,-87
263800,-6176,-88
263900,-6176,-89
264000,-6176,-90
264100,-6176,-91
264200,-6176,-92
264300,-6176,-93
264400,-6176,-94
264500,-6176,-95
264600,-6176,-96
264700,-6176,-97
264800,-6176,-98
264900,-6176,-99
265000,-6176,-100
265100,-6176,-101
265200,-6176,-102
265300,-6176,-103
265400,-6176,-104
265500,-6176,-105
265600,-6176,-106
265700,-6176,-107
265800,-6176,-108
265900,-6176,-109
266000,-6176,-110
266100,-6176,-111
266200,-6176,-112
266300,-6176,-113
266400,-6176,-114
266500,-6176,-115
266600,-6176,-116
266700,-6176,-117
266800,-6176,-118
266900,-6176,-119
267000,-6176,-120
267100,-6176,-121
267200,-6176,-122
267300,-6176,-123
267400,-6176,-124
267500,-6176,-125
267600,-6176,-126
267700,-6176,-127
267800,-6176,-128
267900,-6176,-129
268000,-6176,-130
268100,-6176,-131
268200,-6176,-132
268300,-6176,-133
268400,-6176,-134
268500,-6176,-135
268600,-6176,-136
268700,-6176,-137
268800,-6176,-138
268900,-6176,-139
269000,-6176,-140
269100,-6176,-141
269200,-6176,-142
269300,-6176,-143
269400,-6176,-144
269500,-6176,-145
269600,-6176,-146
269700,-6176,-147
269800,-6176,-148
269900,-6176,-149
270000,-6176,-150
270100,-6176,-151
270200,-6176,-152
270300,-6176,-153
270400,-6176,-154
270500,-6176,-155
270600,-6176,-156
270700,-6176,-157
270800,-6176,-158
270900,-6176,-159
271000,-6176,-160
271100,-6176,-161
271200,-6176,-162
271300,-6176,-163
271400,-6176,-164
271500,-6176,-165
271600,-6176,-166
271700,-6176,-167
271800,-6176,-168
271900,-6176,-169
272000,-6176,-170
272100,-6176,-171
272200,-6176,-172
272300,-6176,-173
272400,-6176,-174
272500,-6176,-175
272600,-6176,-176
272700,-6176,-177
272800,-6176,-178
272900,-6176,-179
273000,-6176,-180
273100,-6176,-181
273200,-6176,-182
273300,-6176,-183
273400,-6176,-184
273500,-6176,-185
273600,-6176,-186
273700,-6176,-187
273800,-6176,-188
273900,-6206,-189
274000,-6206,-190
274100,-6206,-191
274200,-6206,-192
274300,-6206,-193
274400,-6206,-194
274500,-6206,-195
274600,-6206,-196
274700,-6206,-197
274800,-6206,-198
274900,-6206,-199
275000,-6206,-200
275100,-6206,-201
275200,-6206,-202
275300,-6206,-203
275400,-6206,-204
275500,-6206,-205
275600,-6206,-206
275700,-6206,-207
275800,-6206,-208
275900,-6206,-209
276000,-6206,-210
276100,-6206,-211
276200,-6206,-212
276300,-6206,-213
276400,-6206,-214
276500,-6206,-215
276600,-6206,-216
276700,-6206,-217
276800,-6206,-218
276900,-6206,-219
277000,-6206,-220
277100,-6206,-221
277200,-6206,-222
277300,-6206,-223
277400,-6206,-224
277500,-6206,-225
277600,-6206,-226
277700,-6206,-227
277800,-6206,-228
277900,-6206,-229
278000,-6206,-230
278100,-6206,-231
278200,-6206,-232
278300,-6206,-233
278400,-6206,-234
278500,-6206,-235
278600,-6206,-236
278700,-6206,-237
278800,-6206,-238
278900,-6206,-239
279000,-6206,-240
279100,-6206,-241
279200,-6200,-242
279300,-6176,-243
279400,-6144,-244
279500,-6108,-245
279600,-6067,-246
279700,-6023,-247
279800,-5975,-248
279900,-5927,-249
280000,-5876,-250
280100,-5824,-251
280200,-5771,-252
280300,-5716,-253
280400,-5660,-254
280500,-5603,-255
280600,-5545,-254
280700,-5486,-253
280800,-5429,-252
280900,-5371,-251
281000,-5312,-250
281100,-5253,-249
281200,-5194,-248
281300,-5136,-247
281400,-5078,-246
281500,-5024,-245
281600,-4971,-244
281700,-4918,-243
281800,-4866,-242
281900,-4814,-241
282000,-4761,-240
282100,-4709,-239
282200,-4657,-238
282300,-4605,-237
282400,-4555,-236
282500,-4506,-235
282600,-4458,-234
282700,-4409,-233
282800,-4363,-232
282900,-4316,-231
283000,-4270,-230
283100,-4226,-229
283200,-4181,-228
283300,-4137,-227
283400,-4093,-226
283500,-4047,-225
283600,-4002,-224
283700,-3957,-223
283800,-3914,-222
283900,-3871,-221
284000,-3829,-220
284100,-3786,-219
284200,-3743,-218
284300,-3701,-217
284400,-3658,-216
284500,-3616,-215
284600,-3575,-214
284700,-3537,-213
284800,-3499,-212
284900,-3459,-211
285000,-3421,-210
285100,-3385,-209
285200,-3350,-208
285300,-3315,-207
285400,-3281,-206
285500,-3246,-205
285600,-3213,-204
285700,-3181,-203
285800,-3147,-202
285900,-3113,-201
286000,-3079,-200
286100,-3046,-199
286200,-3012,-198
286300,-2978,-197
286400,-2946,-196
286500,-2915,-195
286600,-2885,-194
286700,-2856,-193
286800,-2826,-192
286900,-2797,-191
287000,-2768,-190
287100,-2740,-189
287200,-2712,-188
287300,-2685,-187
287400,-2659,-186
287500,-2633,-185
287600,-2605,-184
287700,-2579,-183
287800,-2553,-182
287900,-2529,-181
288000,-2504,-180
288100,-2479,-179
288200,-2454,-178
288300,-2432,-177
288400,-2410,-176
288500,-2388,-175
288600,-2367,-174
288700,-2347,-173
288800,-2324,-172
288900,-2303,-171
289000,-2285,-170
289100,-2270,-169
289200,-2257,-168
289300,-2249,-167
289400,-2235,-166
289500,-2226,-165
289600,-2221,-164
289700,-2221,-163
289800,-2221,-162
289900,-2221,-161
290000,-2221,-160
290100,-2221,-159
290200,-2221,-158
290300,-2221,-157
290400,-2221,-156
290500,-2221,-155
290600,-2221,-154
290700,-2221,-153
290800,-2221,-152
290900,-2221,-151
291000,-2221,-150
291100,-2221,-149
291200,-2221,-148
291300,-2221,-147
291400,-2221,-146
291500,-2221,-145
291600,-2221,-144
291700,-2221,-143
291800,-2221,-142
291900,-2221,-141
292000,-2221,-140
292100,-2221,-139
292200,-2221,-138
292300,-2221,-137
292400,-2221,-136
292500,-2221,-135
292600,-2221,-134
292700,-2221,-133
292800,-2221,-132
292900,-2221,-131
293000,-2221,-130
293100,-2221,-129
293200,-2221,-128
293300,-2221,-127
293400,-2221,-126
293500,-2221,-125
293600,-2221,-124
293700,-2221,-123
293800,-2221,-122
293900,-2221,-121
294000,-2221,-120
294100,-2221,-119
294200,-2221,-118
294300,-2221,-117
294400,-2221,-116
294500,-2221,-115
294600,-2221,-114
294700,-2221,-113
294800,-2221,-112
294900,-2221,-111
295000,-2221,-110
295100,-2221,-109
295200,-2221,-108
295300,-2221,-107
295400,-2221,-106
295500,-2221,-105
295600,-2221,-104
295700,-2221,-103
295800,-2221,-102
295900,-2221,-101
296000,-2221,-100
296100,-2221,-99
296200,-2221,-98
296300,-2221,-97
296400,-2221,-96
296500,-2221,-95
296600,-2221,-94
296700,-2221,-93
296800,-2221,-92
296900,-2221,-91
297000,-2221,-90
297100,-2221,-89
297200,-2221,-88
297300,-2221,-87
297400,-2221,-86
297500,-2221,-85
297600,-2221,-84
297700,-2221,-83
297800,-2221,-82
297900,-2221,-81
298000,-2221,-80
298100,-2221,-79
298200,-2221,-78
298300,-2221,-77
298400,-2221,-76
298500,-2221,-75
298600,-2221,-74
298700,-2221,-73
298800,-2221,-72
298900,-2221,-71
299000,-2221,-70
299100,-2221,-69
299200,-2221,-68
299300,-2221,-67
299400,-2221,-66
299500,-2221,-65
299600,-2221,-64
299700,-2221,-63
299800,-2221,-62
299900,-2221,-61
300000,-2221,-60
